Product,good_ingred_cat_rat_n,best_ingred_cat_rat_n,poor_ingred_cat_rat_n,average_ingred_cat_rat_n,good_prop_ingred_cat_rat,best_prop_ingred_cat_rat,poor_prop_ingred_cat_rat,average_prop_ingred_cat_rat,product_rating,product_index,Ingredient_n,labeled_ingredients,Prop_labeled
0.2% Retinol Fine Line Correcting Serum,1,2,NA,1,0.25,0.5,NA,0.25,5,90,9,4,0.4444444444444444
0.5% Retinol with Rosehip Seed Oil Super Strength Formula Conditioning & Fine Line Serum,1,2,NA,1,0.25,0.5,NA,0.25,5,44,10,4,0.4
1% Bakuchiol Serum,8,3,NA,NA,0.7272727272727273,0.2727272727272727,NA,NA,4,57,15,11,0.7333333333333333
100 MG CBD Facial Oil,2,2,1,NA,0.4,0.4,0.2,NA,3,19,10,5,0.5
12.5% Vitamin C Super Strength Formula Radiance Strength Serum,8,2,1,1,0.6666666666666666,0.16666666666666666,0.08333333333333333,0.08333333333333333,2,31,17,12,0.7058823529411765
15% Niacinamide Serum,6,3,NA,NA,0.6666666666666666,0.3333333333333333,NA,NA,5,52,10,9,0.9
15% Vitamin C and EGF Serum,8,1,NA,2,0.7272727272727273,0.09090909090909091,NA,0.18181818181818182,4,20,13,11,0.8461538461538461
2% Salicylic Acid Targeted Blemish Serum,9,2,5,2,0.5,0.1111111111111111,0.2777777777777778,0.1111111111111111,3,60,24,18,0.75
3% Vitamin C Radiance Serum,8,2,2,1,0.6153846153846154,0.15384615384615385,0.15384615384615385,0.07692307692307693,2,30,18,13,0.7222222222222222
5% Caffeine Solution + Hyaluronic Acid Targeted Under Eye Serum,8,2,NA,1,0.7272727272727273,0.18181818181818182,NA,0.09090909090909091,2,29,11,11,1
5% Glycolic Acid Tonic,13,3,4,2,0.5909090909090909,0.13636363636363635,0.18181818181818182,0.09090909090909091,2,48,27,22,0.8148148148148148
50 MG CBD Eye Cream,11,9,NA,1,0.5238095238095238,0.42857142857142855,NA,0.047619047619047616,5,19,24,21,0.875
50 MG CBD Moisturizer,8,6,1,NA,0.5333333333333333,0.4,0.06666666666666667,NA,4,18,20,15,0.75
AA Barrier Serum,29,10,NA,1,0.725,0.25,NA,0.025,5,56,50,40,0.8
Absolutely Ageless Pre-Tox Peel Off Mask,7,4,1,2,0.5,0.2857142857142857,0.07142857142857142,0.14285714285714285,1,29,23,14,0.6086956521739131
Acne Proofing Whipped Foam Cleanser,5,2,2,1,0.5,0.2,0.2,0.1,1,71,14,10,0.7142857142857143
ACNE RELIEF Calming Treatment & Hydrator,10,3,NA,NA,0.7692307692307693,0.23076923076923078,NA,NA,2,5,18,13,0.7222222222222222
ACNE RELIEF Gentle & Soothing Cleanser,8,1,NA,NA,0.8888888888888888,0.1111111111111111,NA,NA,5,8,12,9,0.75
ACNE RELIEF Retinol Treatment & Moisturizer,15,4,NA,1,0.75,0.2,NA,0.05,2,4,24,20,0.8333333333333334
Acne Triple Cleanse Exfoliating Scrub,5,2,3,2,0.4166666666666667,0.16666666666666666,0.25,0.16666666666666666,1,78,19,12,0.631578947368421
Acne Triple Clear Cleanser,5,1,2,2,0.5,0.1,0.2,0.2,1,52,16,10,0.625
Acne-Clear Oil-Free Matte Moisturizer,17,10,NA,1,0.6071428571428571,0.35714285714285715,NA,0.03571428571428571,4,59,39,28,0.717948717948718
Adaptogen Soothe + Hydrate Activated Mist,8,4,NA,NA,0.6666666666666666,0.3333333333333333,NA,NA,5,67,21,12,0.5714285714285714
Agave+ Nighttime Lip Therapy,1,5,2,1,0.1111111111111111,0.5555555555555556,0.2222222222222222,0.1111111111111111,3,2,23,9,0.391304347826087
Agave+ Weekly Lip Scrub,5,4,1,2,0.4166666666666667,0.3333333333333333,0.08333333333333333,0.16666666666666666,2,1,16,12,0.75
Age Perfect Cell Renewal Rosy Tone Mask,7,1,1,2,0.6363636363636364,0.09090909090909091,0.09090909090909091,0.18181818181818182,1,58,23,11,0.4782608695652174
Age Perfect Hydra-Nutrition Ultra-Nourishing Moisturizer,19,7,5,2,0.5757575757575758,0.21212121212121213,0.15151515151515152,0.06060606060606061,1,23,58,33,0.5689655172413793
All About Clean All-in-One Cleansing Micellar Milk + Makeup Remover Combination to Oily Skin,10,4,NA,1,0.6666666666666666,0.26666666666666666,NA,0.06666666666666667,3,5,21,15,0.7142857142857143
All About Clean All-in-One Cleansing Micellar Milk + Makeup Remover for Very Dry to Dry/Combination Skin,13,6,NA,NA,0.6842105263157895,0.3157894736842105,NA,NA,2,0,26,19,0.7307692307692307
All Sport Performance Face Sunscreen SPF 30,9,4,NA,1,0.6428571428571429,0.2857142857142857,NA,0.07142857142857142,5,11,29,14,0.4827586206896552
All the Feels Facial Oil,5,2,NA,1,0.625,0.25,NA,0.125,5,33,18,8,0.4444444444444444
Alpha Arbutin,10,4,NA,1,0.6666666666666666,0.26666666666666666,NA,0.06666666666666667,5,63,22,15,0.6818181818181818
Alpha Grapefruit Cleansing Lotion,3,2,6,1,0.25,0.16666666666666666,0.5,0.08333333333333333,1,38,21,12,0.5714285714285714
Amino Acids + B5,21,2,NA,NA,0.9130434782608695,0.08695652173913043,NA,NA,5,94,26,23,0.8846153846153846
Anti-Blemish In-Shower Flash Treatment,10,NA,1,1,0.8333333333333334,NA,0.08333333333333333,0.08333333333333333,2,64,15,12,0.8
Anti-Pollution Sheet Mask,10,5,NA,1,0.625,0.3125,NA,0.0625,4,70,23,16,0.6956521739130435
Antioxidant + Sunscreen Lotion SPF 50 Broad Spectrum,16,4,1,1,0.7272727272727273,0.18181818181818182,0.045454545454545456,0.045454545454545456,2,70,35,22,0.6285714285714286
Apple Cider Vinegar Acid Peel,8,2,NA,1,0.7272727272727273,0.18181818181818182,NA,0.09090909090909091,3,26,25,11,0.44
Aqua Bomb Hydrating Toner,14,5,3,1,0.6086956521739131,0.21739130434782608,0.13043478260869565,0.043478260869565216,2,32,45,23,0.5111111111111111
Argan Bright Skin Vitamin C Serum,3,5,NA,NA,0.375,0.625,NA,NA,4,40,20,8,0.4
Argan Smooth Skin Resurfacing Serum,1,1,NA,NA,0.5,0.5,NA,NA,3,67,11,2,0.18181818181818182
Aveeno Baby Continuous Protection Sensitive Skin Zinc Oxide Sunscreen SPF 50 for Face,13,2,NA,NA,0.8666666666666667,0.13333333333333333,NA,NA,4,86,23,15,0.6521739130434783
B-Hydra Intensive Hydration Serum,11,7,NA,NA,0.6111111111111112,0.3888888888888889,NA,NA,5,6,28,18,0.6428571428571429
B6 Vitamin-Infused Complexion Prep Priming Spray,14,5,NA,1,0.7,0.25,NA,0.05,1,87,33,20,0.6060606060606061
Baba Bomb Moisturizer,16,3,NA,NA,0.8421052631578947,0.15789473684210525,NA,NA,5,60,28,19,0.6785714285714286
Baby Cheeks All-in-One Hydrating Milk Toner,8,3,NA,NA,0.7272727272727273,0.2727272727272727,NA,NA,4,25,16,11,0.6875
Bakuchiol,8,4,NA,1,0.6153846153846154,0.3076923076923077,NA,0.07692307692307693,4,66,19,13,0.6842105263157895
Bakuchiol Resurface Pads,7,3,NA,1,0.6363636363636364,0.2727272727272727,NA,0.09090909090909091,3,79,18,11,0.6111111111111112
Balancing Cleanser: Oil Control,8,1,1,1,0.7272727272727273,0.09090909090909091,0.09090909090909091,0.09090909090909091,4,1,20,11,0.55
Balancium B5 D-Panthenol Cream,13,7,NA,NA,0.65,0.35,NA,NA,5,17,28,20,0.7142857142857143
Banana Bright Vitamin C Serum,15,9,2,2,0.5357142857142857,0.32142857142857145,0.07142857142857142,0.07142857142857142,3,3,45,28,0.6222222222222222
Banana Souffle Moisture Cream,14,6,NA,1,0.6666666666666666,0.2857142857142857,NA,0.047619047619047616,3,63,38,21,0.5526315789473685
Banish Solution,1,2,2,NA,0.2,0.4,0.4,NA,1,2,9,5,0.5555555555555556
Banish Stick,6,2,NA,1,0.6666666666666666,0.2222222222222222,NA,0.1111111111111111,1,1,18,9,0.5
Bare With Me Cannabis Sativa Lip Conditioner,10,5,NA,1,0.625,0.3125,NA,0.0625,4,75,32,16,0.5
Barrier+ Foaming Oil Cleanser,14,8,NA,NA,0.6363636363636364,0.36363636363636365,NA,NA,5,46,31,22,0.7096774193548387
Barrier+ Lip Repair Balm,2,2,NA,NA,0.5,0.5,NA,NA,4,38,6,4,0.6666666666666666
Barrier+ Triple Lipid-Peptide Lotion,13,10,NA,NA,0.5652173913043478,0.43478260869565216,NA,NA,4,37,39,23,0.5897435897435898
Bergamot Herbal Extract Toner,13,5,3,NA,0.6190476190476191,0.23809523809523808,0.14285714285714285,NA,1,41,39,21,0.5384615384615384
Better Daze Ahead Restorative Cushion Cream,14,7,NA,NA,0.6666666666666666,0.3333333333333333,NA,NA,3,68,37,21,0.5675675675675675
BHA Blackhead Power Liquid,4,3,NA,1,0.5,0.375,NA,0.125,4,44,10,8,0.8
Biodegradable Micellar Makeup Remover Cleansing Towelettes,9,1,NA,NA,0.9,0.1,NA,NA,3,69,20,10,0.5
Blackhead Clearing Green Tea Scrub,11,1,1,NA,0.8461538461538461,0.07692307692307693,0.07692307692307693,NA,1,94,23,13,0.5652173913043478
Blackhead Eliminating Strip to Scrub,6,2,4,1,0.46153846153846156,0.15384615384615385,0.3076923076923077,0.07692307692307693,1,13,15,13,0.8666666666666667
Blemish Bully Acne Spot Treatment,4,4,1,1,0.4,0.4,0.1,0.1,1,55,17,10,0.5882352941176471
Blemish Control Apricot Scrub,11,1,1,NA,0.8461538461538461,0.07692307692307693,0.07692307692307693,NA,1,93,23,13,0.5652173913043478
Blue Agave + Baking Soda Whipped Nourishing Detox Mask,8,2,2,1,0.6153846153846154,0.15384615384615385,0.15384615384615385,0.07692307692307693,1,34,20,13,0.65
Blue Algae Vitamin C Dark Spot Correcting Peel,13,13,1,NA,0.48148148148148145,0.48148148148148145,0.037037037037037035,NA,3,4,45,27,0.6
Blue Tansy Resurfacing Clarity Mask,2,1,NA,1,0.5,0.25,NA,0.25,2,94,27,4,0.14814814814814814
Blueberry & Acai Facial Scrub,9,5,NA,2,0.5625,0.3125,NA,0.125,1,17,29,16,0.5517241379310345
Botanics Simply Calm Hydrating Overnight Mask for Stressed Skin,11,8,3,NA,0.5,0.36363636363636365,0.13636363636363635,NA,2,19,44,22,0.5
Botanics Simply Calm Hydrating Serum for Stressed Skin,12,9,2,NA,0.5217391304347826,0.391304347826087,0.08695652173913043,NA,3,45,32,23,0.71875
Bounce Back Jelly Cleanser,10,2,NA,NA,0.8333333333333334,0.16666666666666666,NA,NA,4,43,21,12,0.5714285714285714
Bright Boost Gel Cream,19,5,1,1,0.7307692307692307,0.19230769230769232,0.038461538461538464,0.038461538461538464,3,91,31,26,0.8387096774193549
Bright Boost Illuminating Serum,13,4,1,2,0.65,0.2,0.05,0.1,3,90,20,20,1
Bright Boost Moisturizer SPF 30,14,5,1,NA,0.7,0.25,0.05,NA,3,89,27,20,0.7407407407407407
Bright Boost Resurfacing Micro Polish,10,3,1,1,0.6666666666666666,0.2,0.06666666666666667,0.06666666666666667,3,88,17,15,0.8823529411764706
Bright Idea Vitamin C + Tri-Peptide Collagen Protecting & Brightening Moisturizer,23,9,1,1,0.6764705882352942,0.2647058823529412,0.029411764705882353,0.029411764705882353,3,39,50,34,0.68
Bright Idea Vitamin C + Tri-Peptide Collagen Protecting & Brightening Serum,18,8,1,NA,0.6666666666666666,0.2962962962962963,0.037037037037037035,NA,4,27,38,27,0.7105263157894737
Bright Idea Vitamin C + Tri-Peptide Collagen-Protecting Eye Cream,24,11,NA,1,0.6666666666666666,0.3055555555555556,NA,0.027777777777777776,3,43,51,36,0.7058823529411765
Bright-Eyed 100% Mineral Eye Cream SPF 40,18,4,NA,NA,0.8181818181818182,0.18181818181818182,NA,NA,5,28,35,22,0.6285714285714286
Brighten-I Eye Cream,21,9,NA,1,0.6774193548387096,0.2903225806451613,NA,0.03225806451612903,4,53,37,31,0.8378378378378378
Brightening Cleanser,7,NA,NA,NA,1,NA,NA,NA,5,36,12,7,0.5833333333333334
Bubblewrap Eye + Lip Plumping Cream,19,8,NA,NA,0.7037037037037037,0.2962962962962963,NA,NA,5,87,42,27,0.6428571428571429
Bye Bye Pores Leave-On Solution,14,3,4,NA,0.6666666666666666,0.14285714285714285,0.19047619047619047,NA,1,7,29,21,0.7241379310344828
C-Firma Day Serum,21,13,NA,1,0.6,0.37142857142857144,NA,0.02857142857142857,5,3,47,35,0.7446808510638298
C-Rush Brightening Gel-Crème,18,13,3,1,0.5142857142857142,0.37142857142857144,0.08571428571428572,0.02857142857142857,2,2,46,35,0.7608695652173914
Caffeine Energizing Hydrogel Eye Patches,10,7,NA,1,0.5555555555555556,0.3888888888888889,NA,0.05555555555555555,3,13,28,18,0.6428571428571429
Caffeine Essence Spray,8,1,4,1,0.5714285714285714,0.07142857142857142,0.2857142857142857,0.07142857142857142,2,42,20,14,0.7
Caffeine Serum,15,7,NA,1,0.6521739130434783,0.30434782608695654,NA,0.043478260869565216,4,89,32,23,0.71875
Calming Chamomile Daily Cleanser,7,4,NA,NA,0.6363636363636364,0.36363636363636365,NA,NA,5,68,12,11,0.9166666666666666
CannaCell D.Tox Mask,5,5,1,NA,0.45454545454545453,0.45454545454545453,0.09090909090909091,NA,2,46,22,11,0.5
CannaCell Dreamy Night Cream,7,8,2,NA,0.4117647058823529,0.47058823529411764,0.11764705882352941,NA,2,45,28,17,0.6071428571428571
CannaCell Happy Day Cream,8,5,2,NA,0.5333333333333333,0.3333333333333333,0.13333333333333333,NA,2,44,25,15,0.6
CannaCell Hydrating Toner,2,5,1,NA,0.25,0.625,0.125,NA,3,86,18,8,0.4444444444444444
CannaCell X.Foliate Scrub,3,4,1,NA,0.375,0.5,0.125,NA,3,85,19,8,0.42105263157894735
Capture Youth Matte Maximizer Age-Delay Mattifying Serum,17,4,NA,4,0.68,0.16,NA,0.16,1,60,38,25,0.6578947368421053
CBD Calming Eye Balm,2,4,NA,NA,0.3333333333333333,0.6666666666666666,NA,NA,3,55,13,6,0.46153846153846156
CBD Hydrating Lip Balm,2,4,NA,NA,0.3333333333333333,0.6666666666666666,NA,NA,4,32,13,6,0.46153846153846156
CBD Nourish Boost Cream,7,2,NA,NA,0.7777777777777778,0.2222222222222222,NA,NA,3,70,16,9,0.5625
CBD Nourishing Body Cream,6,5,NA,NA,0.5454545454545454,0.45454545454545453,NA,NA,4,31,19,11,0.5789473684210527
CBD Purifying Gel Balm Cleanser,2,2,NA,NA,0.5,0.5,NA,NA,2,11,12,4,0.3333333333333333
CBD Serum,8,3,NA,NA,0.7272727272727273,0.2727272727272727,NA,NA,3,71,13,11,0.8461538461538461
CBD Skin Balm,2,4,NA,NA,0.3333333333333333,0.6666666666666666,NA,NA,3,54,13,6,0.46153846153846156
Ceramide Night Treatment,25,9,NA,1,0.7142857142857143,0.2571428571428571,NA,0.02857142857142857,4,49,38,35,0.9210526315789473
Charcoal Detox Cleansing Stick,15,6,1,NA,0.6818181818181818,0.2727272727272727,0.045454545454545456,NA,1,65,30,22,0.7333333333333333
Cheer Up Brightening Vitamin C Eye Cream,10,11,NA,2,0.43478260869565216,0.4782608695652174,NA,0.08695652173913043,3,59,36,23,0.6388888888888888
Cherry Blossom and Bakuchiol Resurfacing Lip Repair,5,7,NA,NA,0.4166666666666667,0.5833333333333334,NA,NA,5,35,26,12,0.46153846153846156
Cica Repair Sleep Paste,11,9,NA,1,0.5238095238095238,0.42857142857142855,NA,0.047619047619047616,4,65,28,21,0.75
Cica Tonic,13,1,2,NA,0.8125,0.0625,0.125,NA,2,41,24,16,0.6666666666666666
Clarify & Cleanse Bar,5,2,NA,NA,0.7142857142857143,0.2857142857142857,NA,NA,3,12,12,7,0.5833333333333334
Clarifying Booster Drops,20,4,NA,NA,0.8333333333333334,0.16666666666666666,NA,NA,2,73,32,24,0.75
Clarifying Mask,5,2,4,1,0.4166666666666667,0.16666666666666666,0.3333333333333333,0.08333333333333333,1,73,46,12,0.2608695652173913
Cleansing Oil Balm,2,2,1,NA,0.4,0.4,0.2,NA,2,10,17,5,0.29411764705882354
Cleansing Serum,10,2,NA,1,0.7692307692307693,0.15384615384615385,NA,0.07692307692307693,3,18,23,13,0.5652173913043478
Clear Complexion Purely Matte Peel Off Mask,10,5,1,2,0.5555555555555556,0.2777777777777778,0.05555555555555555,0.1111111111111111,1,28,22,18,0.8181818181818182
Clear Start Mattifying Moisturizer Clearing Defense SPF 30,20,4,3,2,0.6896551724137931,0.13793103448275862,0.10344827586206896,0.06896551724137931,2,56,42,29,0.6904761904761905
Clearcalm Non-Drying Acne Treatment Gel,10,4,NA,1,0.6666666666666666,0.26666666666666666,NA,0.06666666666666667,1,10,26,15,0.5769230769230769
Clearify Facial Oil,8,2,NA,1,0.7272727272727273,0.18181818181818182,NA,0.09090909090909091,3,48,20,11,0.55
Clearly Corrective Brightening & Exfoliating Daily Cleanser,9,2,1,1,0.6923076923076923,0.15384615384615385,0.07692307692307693,0.07692307692307693,1,46,20,13,0.65
Collagen Booster Face Serum,9,4,NA,NA,0.6923076923076923,0.3076923076923077,NA,NA,4,94,15,13,0.8666666666666667
Confidence In Your Beauty Sleep Skin-Transforming Pillow Cream,16,8,4,1,0.5517241379310345,0.27586206896551724,0.13793103448275862,0.034482758620689655,1,3,41,29,0.7073170731707317
Copper Peptide Serum,10,3,NA,NA,0.7692307692307693,0.23076923076923078,NA,NA,4,35,16,13,0.8125
CoQ-10 Toner,5,1,NA,NA,0.8333333333333334,0.16666666666666666,NA,NA,2,18,12,6,0.5
Cream Skin Milk Oil Cleanser,16,3,NA,NA,0.8421052631578947,0.15789473684210525,NA,NA,5,12,28,19,0.6785714285714286
Cream Skin Mist,8,2,NA,NA,0.8,0.2,NA,NA,4,4,15,10,0.6666666666666666
Cream Skin Toner & Moisturizer,7,2,NA,NA,0.7777777777777778,0.2222222222222222,NA,NA,4,72,15,9,0.6
Daily Refreshing Cleanser,7,2,NA,NA,0.7777777777777778,0.2222222222222222,NA,NA,2,36,12,9,0.75
Daily Superfoliant,14,3,3,NA,0.7,0.15,0.15,NA,1,47,41,20,0.4878048780487805
Dark Spot Correcting Serum,7,NA,1,2,0.7,NA,0.1,0.2,2,49,13,10,0.7692307692307693
Day Dissolve Cleansing Balm,4,2,2,NA,0.5,0.25,0.25,NA,3,74,16,8,0.5
Deep Action Peel Off Mask with Activated Charcoal,10,3,1,2,0.625,0.1875,0.0625,0.125,1,26,20,16,0.8
Deep Clean Purifying Clay Cleanser/Mask,7,4,2,1,0.5,0.2857142857142857,0.14285714285714285,0.07142857142857142,1,45,18,14,0.7777777777777778
Deep Clean Purifying Cream to Foam Detox Cleanser,14,1,1,1,0.8235294117647058,0.058823529411764705,0.058823529411764705,0.058823529411764705,2,72,23,17,0.7391304347826086
Deep Hydration Serum B3 + Hyaluronic Acid,10,5,NA,NA,0.6666666666666666,0.3333333333333333,NA,NA,5,23,15,15,1
Deep Sweep 2% BHA Pore Cleaning Toner,11,5,NA,NA,0.6875,0.3125,NA,NA,3,22,22,16,0.7272727272727273
DERMACONTROL Purifying Clay Mask,16,3,NA,NA,0.8421052631578947,0.15789473684210525,NA,NA,4,77,25,19,0.76
Dew Point Moisturizing Gel-Cream,10,3,NA,1,0.7142857142857143,0.21428571428571427,NA,0.07142857142857142,4,46,21,14,0.6666666666666666
DRx Blemish Solutions Clarifying Mask with Colloidal Sulfur,10,8,NA,2,0.5,0.4,NA,0.1,2,8,27,20,0.7407407407407407
E-Rase Milki Micellar Water,11,6,NA,1,0.6111111111111112,0.3333333333333333,NA,0.05555555555555555,5,2,27,18,0.6666666666666666
Effaclar Adapelene Gel 0.1% Acne Treatment,3,NA,NA,1,0.75,NA,NA,0.25,4,60,7,4,0.5714285714285714
Emerald + CBD Deep Moisture Glow Oil,1,1,NA,NA,0.5,0.5,NA,NA,5,61,12,2,0.16666666666666666
Energie de Vie Eye Illuminating & Cooling Anti-Fatigue Cooling Eye Gel,15,5,3,1,0.625,0.20833333333333334,0.125,0.041666666666666664,1,82,40,24,0.6
Eye Cream,16,8,NA,2,0.6153846153846154,0.3076923076923077,NA,0.07692307692307693,4,82,46,26,0.5652173913043478
Eye Cream Firm + Brighten,7,6,NA,1,0.5,0.42857142857142855,NA,0.07142857142857142,3,44,24,14,0.5833333333333334
Eye Duty Niacinamide Brightening Cream,19,14,NA,2,0.5428571428571428,0.4,NA,0.05714285714285714,3,16,48,35,0.7291666666666666
F-Balm Electrolyte Waterfacial,18,24,NA,NA,0.42857142857142855,0.5714285714285714,NA,NA,5,26,57,42,0.7368421052631579
FAB Pharma Arnica Relief & Rescue Mask,21,6,NA,1,0.75,0.21428571428571427,NA,0.03571428571428571,3,35,47,28,0.5957446808510638
FAB Pharma Oat & Hemp Multi-Fix Salve,9,8,NA,2,0.47368421052631576,0.42105263157894735,NA,0.10526315789473684,3,34,37,19,0.5135135135135135
Face & Body Sunscreen Lotion Broad Spectrum SPF 30,6,3,NA,1,0.6,0.3,NA,0.1,4,58,16,10,0.625
Face Moisturizer,19,4,NA,NA,0.8260869565217391,0.17391304347826086,NA,NA,4,81,37,23,0.6216216216216216
Face Wash with Tea Tree Oil,NA,2,NA,NA,NA,1,NA,NA,1,21,13,2,0.15384615384615385
Faded Brightening & Clearing Gel,14,11,NA,NA,0.56,0.44,NA,NA,5,0,39,25,0.6410256410256411
Fat Water Pore-Refining Toner Serum,9,3,1,1,0.6428571428571429,0.21428571428571427,0.07142857142857142,0.07142857142857142,3,8,22,14,0.6363636363636364
Find Clarity Purifying Mask,15,1,NA,NA,0.9375,0.0625,NA,NA,5,54,20,16,0.8
Foaming Facial Wash,7,2,NA,1,0.7,0.2,NA,0.1,4,48,15,10,0.6666666666666666
Found the Light Powder with Vitamin C,4,NA,NA,NA,1,NA,NA,NA,4,36,5,4,0.8
Full Fit Propolis Synergy Toner,4,5,NA,NA,0.4444444444444444,0.5555555555555556,NA,NA,4,14,14,9,0.6428571428571429
Full Screen Broad Spectrum SPF 30 100% Mineral Sunscreen Vanishing Tint,14,7,1,NA,0.6363636363636364,0.3181818181818182,0.045454545454545456,NA,3,33,47,22,0.46808510638297873
Full Screen Broad Spectrum SPF 30 Clear Finish,1,6,2,NA,0.1111111111111111,0.6666666666666666,0.2222222222222222,NA,3,47,29,9,0.3103448275862069
Full Screen Broad Spectrum SPF 30 Illuminating Finish,9,10,3,NA,0.4090909090909091,0.45454545454545453,0.13636363636363635,NA,3,46,40,22,0.55
Future Rescue Repair Serum,16,9,NA,2,0.5925925925925926,0.3333333333333333,NA,0.07407407407407407,1,72,42,27,0.6428571428571429
GENIUS Sleeping Collagen,14,6,2,1,0.6086956521739131,0.2608695652173913,0.08695652173913043,0.043478260869565216,2,88,42,23,0.5476190476190477
GinZing Ultra-Hydrating Energy-Boosting Cream,23,12,2,2,0.5897435897435898,0.3076923076923077,0.05128205128205128,0.05128205128205128,1,51,53,39,0.7358490566037735
Glow & Hydrate Niacinamide + Hyaluronic Acid Day Serum,18,6,NA,1,0.72,0.24,NA,0.04,4,61,36,25,0.6944444444444444
Glow Oat Mask with Pomegranate Seed Extract,11,5,1,NA,0.6470588235294118,0.29411764705882354,0.058823529411764705,NA,3,78,22,17,0.7727272727272727
Glow Screen SPF 40,16,8,NA,1,0.64,0.32,NA,0.04,5,39,40,25,0.625
Glowy Makeup Serum,17,7,NA,NA,0.7083333333333334,0.2916666666666667,NA,NA,4,22,52,24,0.46153846153846156
Glycolic Acid Glow Peeling Pads,7,1,NA,1,0.7777777777777778,0.1111111111111111,NA,0.1111111111111111,2,75,17,9,0.5294117647058824
Gold Elixir Rosehip Seed Oil,1,2,2,NA,0.2,0.4,0.4,NA,2,81,17,5,0.29411764705882354
Granactive Retinoid 2% in Squalane,2,2,NA,NA,0.5,0.5,NA,NA,5,91,7,4,0.5714285714285714
Granactive Retinoid 2% Skin Tone Correcting Solution,1,1,NA,NA,0.5,0.5,NA,NA,5,89,7,2,0.2857142857142857
Green Goddess Makeup Melter,8,3,2,NA,0.6153846153846154,0.23076923076923078,0.15384615384615385,NA,1,0,35,13,0.37142857142857144
Green Releaf CBD Calming Face Oil,11,12,NA,1,0.4583333333333333,0.5,NA,0.041666666666666664,5,51,45,24,0.5333333333333333
Green Tea & Walnut Exfoliating Face Mask,10,1,3,1,0.6666666666666666,0.06666666666666667,0.2,0.06666666666666667,1,11,25,15,0.6
Green Tea Wonder Mask Clarifying Overnight Gel Mask with Azelaic Acid,13,4,1,NA,0.7222222222222222,0.2222222222222222,0.05555555555555555,NA,2,50,34,18,0.5294117647058824
Guards Up Daily Mineral Sunscreen SPF 35,15,7,NA,NA,0.6818181818181818,0.3181818181818182,NA,NA,4,9,36,22,0.6111111111111112
H2 Elemental Energy Firming Foam Mask,19,3,NA,2,0.7916666666666666,0.125,NA,0.08333333333333333,1,76,38,24,0.631578947368421
Hand Screen Broad Spectrum SPF 40,17,2,NA,NA,0.8947368421052632,0.10526315789473684,NA,NA,2,7,38,19,0.5
Happy Hydration Cream,21,5,NA,1,0.7777777777777778,0.18518518518518517,NA,0.037037037037037035,3,40,32,27,0.84375
Harmonizing Face Cream,6,5,1,NA,0.5,0.4166666666666667,0.08333333333333333,NA,3,53,21,12,0.5714285714285714
Heal & Protect Balm,8,9,NA,1,0.4444444444444444,0.5,NA,0.05555555555555555,5,75,23,18,0.782608695652174
Hello FAB Ginger & Turmeric Vitamin C Jelly Mask,8,6,NA,3,0.47058823529411764,0.35294117647058826,NA,0.17647058823529413,1,63,39,17,0.4358974358974359
Hemp Face Moisturizer,12,1,NA,1,0.8571428571428571,0.07142857142857142,NA,0.07142857142857142,5,86,21,14,0.6666666666666666
Hepta-Peptide Face Serum,16,4,NA,1,0.7619047619047619,0.19047619047619047,NA,0.047619047619047616,2,78,27,21,0.7777777777777778
Holy Hydration! Face Cream Fragrance Free,22,6,NA,NA,0.7857142857142857,0.21428571428571427,NA,NA,3,30,32,28,0.875
Hyaluronic Acid Face Serum,8,5,NA,NA,0.6153846153846154,0.38461538461538464,NA,NA,4,92,13,13,1
Hyaluronic Acid Overnight Hydrating Mask,15,3,NA,1,0.7894736842105263,0.15789473684210525,NA,0.05263157894736842,4,71,20,19,0.95
Hyaluronic Hydrating Essence Spray,6,2,2,NA,0.6,0.2,0.2,NA,2,43,17,10,0.5882352941176471
Hydra Vizor Invisible Moisturizer Broad Spectrum SPF 30 Sunscreen,15,7,5,2,0.5172413793103449,0.2413793103448276,0.1724137931034483,0.06896551724137931,4,2,42,29,0.6904761904761905
Hydra-Light Plumping Lip Mask,5,6,NA,1,0.4166666666666667,0.5,NA,0.08333333333333333,4,0,31,12,0.3870967741935484
Hydraluron+ Moisture Mist,7,2,NA,NA,0.7777777777777778,0.2222222222222222,NA,NA,4,5,11,9,0.8181818181818182
Hydraluron+ Volumising Lip Treatment,10,9,NA,NA,0.5263157894736842,0.47368421052631576,NA,NA,5,10,34,19,0.5588235294117647
Hydrate The Mist,6,3,NA,1,0.6,0.3,NA,0.1,5,73,18,10,0.5555555555555556
Hydrating Cleanser Purify + Nourish,8,1,NA,NA,0.8888888888888888,0.1111111111111111,NA,NA,3,50,24,9,0.375
Hydrating Face Moisturizer Avocado,12,4,3,NA,0.631578947368421,0.21052631578947367,0.15789473684210525,NA,3,42,27,19,0.7037037037037037
Hydrating Facial Cleanser,14,8,NA,NA,0.6363636363636364,0.36363636363636365,NA,NA,5,1,24,22,0.9166666666666666
Hydrating Serum,8,3,NA,NA,0.7272727272727273,0.2727272727272727,NA,NA,4,88,21,11,0.5238095238095238
Hydrating Watermelon Daily Cleanser,11,4,3,NA,0.6111111111111112,0.2222222222222222,0.16666666666666666,NA,4,73,25,18,0.72
Hydration Salvation Moisturizing Camellia Facial Oil,NA,2,1,NA,NA,0.6666666666666666,0.3333333333333333,NA,2,87,12,3,0.25
Hydration Station Booster with HA,6,2,NA,NA,0.75,0.25,NA,NA,4,45,12,8,0.6666666666666666
Hydrium Centella Asiatica Aqua Soothing Ampoule,7,4,NA,NA,0.6363636363636364,0.36363636363636365,NA,NA,4,13,16,11,0.6875
Hydrium Triple Hyaluronic Moisture Ampoule,5,6,NA,NA,0.45454545454545453,0.5454545454545454,NA,NA,4,12,15,11,0.7333333333333333
Hydrium Watery Toner,4,6,NA,NA,0.4,0.6,NA,NA,4,11,13,10,0.7692307692307693
Hydro Boost Water Gel Lotion Sunscreen SPF 50,15,2,2,1,0.75,0.1,0.1,0.05,1,53,30,20,0.6666666666666666
Hydro Boost Whipped Foam Cleanser,7,1,1,1,0.7,0.1,0.1,0.1,1,70,15,10,0.6666666666666666
Hydro-Glow Aqua Peel,22,10,NA,4,0.6111111111111112,0.2777777777777778,NA,0.1111111111111111,1,81,61,36,0.5901639344262295
Hyper Clear,15,5,NA,NA,0.75,0.25,NA,NA,5,7,36,20,0.5555555555555556
Hypoallergenic Cica Sleeping Mask,9,4,NA,NA,0.6923076923076923,0.3076923076923077,NA,NA,3,36,28,13,0.4642857142857143
I-Waken Eye Serum,8,7,NA,1,0.5,0.4375,NA,0.0625,1,4,30,16,0.5333333333333333
IBUKI Multi Solution Gel,16,3,1,3,0.6956521739130435,0.13043478260869565,0.043478260869565216,0.13043478260869565,1,61,32,23,0.71875
IBUKI Softening Concentrate,15,4,4,2,0.6,0.16,0.16,0.08,1,62,35,25,0.7142857142857143
Immortelle Precious Cream,13,5,3,NA,0.6190476190476191,0.23809523809523808,0.14285714285714285,NA,1,64,34,21,0.6176470588235294
Intensive Moisture Facial Cream,6,4,NA,1,0.5454545454545454,0.36363636363636365,NA,0.09090909090909091,3,82,19,11,0.5789473684210527
Je Ne Sais Quoi Hydrating Color Awakening Lip Treatment,12,11,NA,NA,0.5217391304347826,0.4782608695652174,NA,NA,5,57,42,23,0.5476190476190477
Jet Lag Mask,15,8,NA,NA,0.6521739130434783,0.34782608695652173,NA,NA,2,89,34,23,0.6764705882352942
Just Breathe Clarifying Serum,9,5,NA,1,0.6,0.3333333333333333,NA,0.06666666666666667,4,42,21,15,0.7142857142857143
Kaolin Face Mask,17,4,NA,1,0.7727272727272727,0.18181818181818182,NA,0.045454545454545456,5,79,27,22,0.8148148148148148
Keep Clear Clarifying Tonic,6,5,NA,1,0.5,0.4166666666666667,NA,0.08333333333333333,1,40,27,12,0.4444444444444444
Keep Your Balance Hydrating Toner,18,2,NA,1,0.8571428571428571,0.09523809523809523,NA,0.047619047619047616,1,12,28,21,0.75
Knockout Brightening Gel Moisturizer,16,4,2,1,0.6956521739130435,0.17391304347826086,0.08695652173913043,0.043478260869565216,3,6,35,23,0.6571428571428571
Knockout Daily Exfoliating Cleanser,14,4,3,1,0.6363636363636364,0.18181818181818182,0.13636363636363635,0.045454545454545456,1,5,28,22,0.7857142857142857
Kombucha + 11% AHA Exfoliation Power Toner,6,3,NA,NA,0.6666666666666666,0.3333333333333333,NA,NA,4,76,15,9,0.6
Kosasport LipFuel Hyaluronic Lip Balm,7,5,NA,NA,0.5833333333333334,0.4166666666666667,NA,NA,2,9,40,12,0.3
Lactic Acid Face Serum,6,3,NA,1,0.6,0.3,NA,0.1,5,82,12,10,0.8333333333333334
Lala Retro Whipped Cream,16,10,NA,1,0.5925925925925926,0.37037037037037035,NA,0.037037037037037035,5,4,35,27,0.7714285714285715
Later Hater Spot Treatment,1,3,4,1,0.1111111111111111,0.3333333333333333,0.4444444444444444,0.1111111111111111,1,39,11,9,0.8181818181818182
Lemon Exfoliating Slices,12,2,1,1,0.75,0.125,0.0625,0.0625,1,24,23,16,0.6956521739130435
Lemon Juice Toner,8,2,NA,2,0.6666666666666666,0.16666666666666666,NA,0.16666666666666666,1,25,17,12,0.7058823529411765
Liftactiv Vitamin C Brightening Skin Corrector,3,3,NA,1,0.42857142857142855,0.42857142857142855,NA,0.14285714285714285,3,56,11,7,0.6363636363636364
Lip Balm,2,3,NA,NA,0.4,0.6,NA,NA,4,33,10,5,0.5
Lip Butter Balm,9,2,NA,NA,0.8181818181818182,0.18181818181818182,NA,NA,4,24,17,11,0.6470588235294118
Lip Glowy Balm,33,2,2,4,0.8048780487804879,0.04878048780487805,0.04878048780487805,0.0975609756097561,4,54,129,41,0.3178294573643411
Lip Plumping Serum,10,5,NA,NA,0.6666666666666666,0.3333333333333333,NA,NA,2,17,22,15,0.6818181818181818
Lip Sleeping Mask,75,24,11,9,0.6302521008403361,0.20168067226890757,0.09243697478991597,0.07563025210084033,4,50,265,119,0.4490566037735849
Look Alive Hydrating Plumping Mask,9,4,NA,1,0.6428571428571429,0.2857142857142857,NA,0.07142857142857142,3,72,25,14,0.56
Lotion P50-1970,2,4,1,NA,0.2857142857142857,0.5714285714285714,0.14285714285714285,NA,1,37,12,7,0.5833333333333334
Lotion P50V-1970,1,4,NA,NA,0.2,0.8,NA,NA,1,36,8,5,0.625
Low pH BHA Overnight Mask,11,6,NA,2,0.5789473684210527,0.3157894736842105,NA,0.10526315789473684,4,51,26,19,0.7307692307692307
Luxury CBD Beauty Serum,1,NA,NA,NA,1,NA,NA,NA,3,23,20,1,0.05
Makeup Cleansing Gel,5,5,1,NA,0.45454545454545453,0.45454545454545453,0.09090909090909091,NA,4,47,14,11,0.7857142857142857
Makeup Remover + Cream Cleanser,10,2,NA,NA,0.8333333333333334,0.16666666666666666,NA,NA,1,77,14,12,0.8571428571428571
Makeup Remover Melting Balm,6,3,NA,NA,0.6666666666666666,0.3333333333333333,NA,NA,3,25,17,9,0.5294117647058824
Marine Hyaluronics,24,4,NA,1,0.8275862068965517,0.13793103448275862,NA,0.034482758620689655,5,74,33,29,0.8787878787878788
Masks Vitamin C + AHA Resurfacing Peel,8,4,1,2,0.5333333333333333,0.26666666666666666,0.06666666666666667,0.13333333333333333,1,6,17,15,0.8823529411764706
Matcha Cleanser,8,1,2,NA,0.7272727272727273,0.09090909090909091,0.18181818181818182,NA,2,33,21,11,0.5238095238095238
Mattify Boost,8,2,NA,NA,0.8,0.2,NA,NA,2,22,17,10,0.5882352941176471
Mattifying Moisturizer: Oil Control,3,7,NA,1,0.2727272727272727,0.6363636363636364,NA,0.09090909090909091,3,0,24,11,0.4583333333333333
Mega-Mushroom Skin Relief Soothing Treatment Lotion,8,6,3,1,0.4444444444444444,0.3333333333333333,0.16666666666666666,0.05555555555555555,1,74,37,18,0.4864864864864865
Melatonin Overnight Lip Mask,14,8,NA,NA,0.6363636363636364,0.36363636363636365,NA,NA,3,29,40,22,0.55
Melatonin Overnight Serum,11,6,NA,1,0.6111111111111112,0.3333333333333333,NA,0.05555555555555555,2,13,31,18,0.5806451612903226
MenoReverse Volumizing Serum-in-Moisturizer,21,9,5,NA,0.6,0.2571428571428571,0.14285714285714285,NA,3,21,47,35,0.7446808510638298
Micellar Cleanser & Makeup Remover Towelettes,8,2,NA,NA,0.8,0.2,NA,NA,2,85,18,10,0.5555555555555556
Micro Magic Skin-Renewing Microdermabrasion Scrub,20,9,3,NA,0.625,0.28125,0.09375,NA,1,48,42,32,0.7619047619047619
Micropolishing Cleansing Infusion Hydrating Glow Facial Cleanser Crushed Ginger & Citrus Extract,13,1,3,2,0.6842105263157895,0.05263157894736842,0.15789473684210525,0.10526315789473684,1,54,25,19,0.76
Mineral Sunscreen Baby Lotion SPF 50,1,4,NA,NA,0.2,0.8,NA,NA,5,70,16,5,0.3125
Mineral Sunscreen Face Gel-Lotion SPF 30,15,2,NA,NA,0.8823529411764706,0.11764705882352941,NA,NA,2,20,49,17,0.3469387755102041
Mineral Sunscreen Lotion Diamond Dust SPF 30,16,5,1,NA,0.7272727272727273,0.22727272727272727,0.045454545454545456,NA,2,66,30,22,0.7333333333333333
Mineral UV Filters SPF 30 with Antioxidants,32,11,NA,1,0.7272727272727273,0.25,NA,0.022727272727272728,4,78,61,44,0.7213114754098361
Mint Chip Mania Cooling & Soothing Mask,25,4,NA,1,0.8333333333333334,0.13333333333333333,NA,0.03333333333333333,1,18,47,30,0.6382978723404256
Mist Ultimate Hydration Essence Cooling with Cucumber Water & White Mint,9,1,1,NA,0.8181818181818182,0.09090909090909091,0.09090909090909091,NA,2,61,16,11,0.6875
Modern Friction Cleansing Oil with Radiance-Boosting White & Purple Rice,3,3,2,NA,0.375,0.375,0.25,NA,1,88,28,8,0.2857142857142857
Modern Friction Cleansing Stick with Exfoliating Rice,15,2,2,1,0.75,0.1,0.1,0.05,1,89,36,20,0.5555555555555556
Moisture Eye Zone Essence,8,3,NA,NA,0.7272727272727273,0.2727272727272727,NA,NA,3,81,18,11,0.6111111111111112
Moisture Facial Lotion Enrich,7,2,NA,NA,0.7777777777777778,0.2222222222222222,NA,NA,3,80,12,9,0.75
Moisture Surge Pop Triple Lip Balm,21,8,NA,NA,0.7241379310344828,0.27586206896551724,NA,NA,4,10,69,29,0.42028985507246375
Moisturizer Replenish + Protect,10,9,NA,1,0.5,0.45,NA,0.05,4,34,35,20,0.5714285714285714
Moon Fruit Superfruit Night Treatment,5,1,NA,NA,0.8333333333333334,0.16666666666666666,NA,NA,2,92,25,6,0.24
Mud Mask Purifying and Mattifying,9,1,1,1,0.75,0.08333333333333333,0.08333333333333333,0.08333333333333333,1,43,16,12,0.75
Multi Correxion Revive + Glow Daily Serum,8,2,1,NA,0.7272727272727273,0.18181818181818182,0.09090909090909091,NA,3,9,23,11,0.4782608695652174
Multi-Biotic Face Moisturizer,17,4,NA,NA,0.8095238095238095,0.19047619047619047,NA,NA,5,83,30,21,0.7
My Clarins Re-Charge Relaxing Sleep Mask,18,4,1,1,0.75,0.16666666666666666,0.041666666666666664,0.041666666666666664,2,91,36,24,0.6666666666666666
Natural BHA Skin Returning Emulsion,11,5,NA,2,0.6111111111111112,0.2777777777777778,NA,0.1111111111111111,2,47,24,18,0.75
Niacinamide,9,6,NA,NA,0.6,0.4,NA,NA,5,65,23,15,0.6521739130434783
Niacinamide Brightening Toner,6,4,NA,NA,0.6,0.4,NA,NA,5,14,20,10,0.5
Niacinamide Clarifying Essence Spray,6,3,3,NA,0.5,0.25,0.25,NA,3,84,17,12,0.7058823529411765
Night Relaxing Detox Clay Mask,15,3,1,NA,0.7894736842105263,0.15789473684210525,0.05263157894736842,NA,1,49,27,19,0.7037037037037037
Night Restore Oil,1,7,NA,NA,0.125,0.875,NA,NA,2,40,16,8,0.5
Nix It Complexion Solution,9,6,2,NA,0.5294117647058824,0.35294117647058826,0.11764705882352941,NA,2,38,24,17,0.7083333333333334
No7 Advanced 1.5% Retinol Complex Night Concentrate,16,6,NA,1,0.6956521739130435,0.2608695652173913,NA,0.043478260869565216,5,9,27,23,0.8518518518518519
No7 Dark Spot Correcting Booster Serum,9,3,NA,1,0.6923076923076923,0.23076923076923078,NA,0.07692307692307693,4,87,19,13,0.6842105263157895
No7 HydraLuminous Overnight Recovery Gel Cream,18,8,NA,1,0.6666666666666666,0.2962962962962963,NA,0.037037037037037035,2,54,31,27,0.8709677419354839
No7 HydraLuminous Water Surge Gel Cream Drier Skin,16,7,NA,1,0.6666666666666666,0.2916666666666667,NA,0.041666666666666664,2,53,30,24,0.8
No7 HydraLuminous Water Surge Gel Oil Free,18,6,NA,1,0.72,0.24,NA,0.04,2,52,31,25,0.8064516129032258
No7 Hydrating Skin Paste,16,8,NA,1,0.64,0.32,NA,0.04,5,29,34,25,0.7352941176470589
No7 Protect & Perfect Intense Advanced Serum-Activating Pads,6,5,NA,1,0.5,0.4166666666666667,NA,0.08333333333333333,4,80,13,12,0.9230769230769231
Nutritive Cleanser,11,NA,1,NA,0.9166666666666666,NA,0.08333333333333333,NA,3,20,16,12,0.75
Oat Mask Soothe,13,5,1,NA,0.6842105263157895,0.2631578947368421,0.05263157894736842,NA,3,77,26,19,0.7307692307692307
Oil and Water Double Cleanser,8,4,NA,NA,0.6666666666666666,0.3333333333333333,NA,NA,4,63,19,12,0.631578947368421
Olay Masks Clay Stick Shine Control,6,2,1,1,0.6,0.2,0.1,0.1,2,51,13,10,0.7692307692307693
On The Rise Firming Serum Peptide Blend + Resveratrol,12,9,NA,1,0.5454545454545454,0.4090909090909091,NA,0.045454545454545456,5,53,24,22,0.9166666666666666
"Original Cleansing Cream, Jar",6,1,3,1,0.5454545454545454,0.09090909090909091,0.2727272727272727,0.09090909090909091,1,90,17,11,0.6470588235294118
Overnight Exfoliating Treatment,9,6,NA,NA,0.6,0.4,NA,NA,5,15,18,15,0.8333333333333334
Overtime Mask,10,4,1,NA,0.6666666666666666,0.26666666666666666,0.06666666666666667,NA,1,20,29,15,0.5172413793103449
Peptide Moisturizer,13,5,NA,1,0.6842105263157895,0.2631578947368421,NA,0.05263157894736842,3,28,23,19,0.8260869565217391
Peptidin Radiance Serum with Energy Peptides,29,13,NA,1,0.6744186046511628,0.3023255813953488,NA,0.023255813953488372,2,84,68,43,0.6323529411764706
PHA Toner,9,3,NA,1,0.6923076923076923,0.23076923076923078,NA,0.07692307692307693,5,50,16,13,0.8125
"Photos, Please Brightening Tightening Mask",16,2,NA,NA,0.8888888888888888,0.1111111111111111,NA,NA,3,62,24,18,0.75
Pineapple Exfoliating Powder,7,1,1,NA,0.7777777777777778,0.1111111111111111,0.1111111111111111,NA,3,14,17,9,0.5294117647058824
Pink Clay Detoxifying Mask,13,2,1,NA,0.8125,0.125,0.0625,NA,2,58,20,16,0.8
Polyglutamic Acid Face Serum,18,1,NA,NA,0.9473684210526315,0.05263157894736842,NA,NA,4,91,25,19,0.76
Pore Cleaner Bubble Foam,13,1,1,NA,0.8666666666666667,0.06666666666666667,0.06666666666666667,NA,1,42,41,15,0.36585365853658536
Pore Cleaner Moisturizer,7,2,3,3,0.4666666666666667,0.13333333333333333,0.2,0.2,1,44,46,15,0.32608695652173914
Pore Toner Balm,7,1,NA,NA,0.875,0.125,NA,NA,2,67,13,8,0.6153846153846154
Positively Radiant Maxglow Peel Off Mask,12,3,1,2,0.6666666666666666,0.16666666666666666,0.05555555555555555,0.1111111111111111,1,27,24,18,0.75
Powerful-Strength Line-Reducing & Dark Circle-Diminishing Vitamin C Eye Serum,13,6,NA,1,0.65,0.3,NA,0.05,4,21,26,20,0.7692307692307693
Prebiotic 4-In-1 MultiCleanser,14,5,NA,NA,0.7368421052631579,0.2631578947368421,NA,NA,5,62,30,19,0.6333333333333333
Press Restart Gentle Retinol Serum,11,7,NA,1,0.5789473684210527,0.3684210526315789,NA,0.05263157894736842,5,31,31,19,0.6129032258064516
Prism 12% AHA + 3% BHA Exfoliating Glow Serum,2,3,NA,NA,0.4,0.6,NA,NA,2,34,15,5,0.3333333333333333
Prism Natural Fruit Acid Exfoliating Glow Potion,1,2,NA,NA,0.3333333333333333,0.6666666666666666,NA,NA,2,93,16,3,0.1875
Pro Oily Skin Oil Absorbing Moisturizer Broad Spectrum SPF 30,14,5,NA,NA,0.7368421052631579,0.2631578947368421,NA,NA,5,76,28,19,0.6785714285714286
Probiotic Nutrient Moisturizer,1,1,NA,NA,0.5,0.5,NA,NA,5,25,54,2,0.037037037037037035
Prostrength Niacinamide Discoloration Treatment 15% Brightening Complex,27,7,NA,NA,0.7941176470588235,0.20588235294117646,NA,NA,5,37,46,34,0.7391304347826086
Protect + Hydrate Sunscreen Broad Spectrum SPF 50 for Face,18,1,1,1,0.8571428571428571,0.047619047619047616,0.047619047619047616,0.047619047619047616,4,85,27,21,0.7777777777777778
Pumpkin Powerhouse Resurfacing & Exfoliating Enzyme Mask,20,6,2,NA,0.7142857142857143,0.21428571428571427,0.07142857142857142,NA,2,60,47,28,0.5957446808510638
Pure Skin Conditioning Eye Makeup Remover,10,3,NA,1,0.7142857142857143,0.21428571428571427,NA,0.07142857142857142,4,69,26,14,0.5384615384615384
Pure-Sugar Scrub Purify & Unclog,6,1,3,NA,0.6,0.1,0.3,NA,1,57,17,10,0.5882352941176471
Pure-Sugar Scrub Smooth & Glow,11,2,3,NA,0.6875,0.125,0.1875,NA,1,56,25,16,0.64
Pycnogenol 5%,1,NA,NA,NA,1,NA,NA,NA,4,79,2,1,0.5
Q10 Face Serum,10,6,NA,1,0.5882352941176471,0.35294117647058826,NA,0.058823529411764705,5,81,23,17,0.7391304347826086
Quinoa Night Peel Gentle Night Peeling Serum,8,2,NA,NA,0.8,0.2,NA,NA,2,80,19,10,0.5263157894736842
R + R Mask,4,3,NA,NA,0.5714285714285714,0.42857142857142855,NA,NA,1,19,17,7,0.4117647058823529
Rapid Relief Acne Spot Treatment,10,2,NA,2,0.7142857142857143,0.14285714285714285,NA,0.14285714285714285,1,83,25,14,0.56
Rapid Rescue Treatment,3,2,NA,1,0.5,0.3333333333333333,NA,0.16666666666666666,1,35,11,6,0.5454545454545454
Redness Recovery+ Antioxidant Redness Treatment Overnight Mask,13,9,NA,1,0.5652173913043478,0.391304347826087,NA,0.043478260869565216,3,65,42,23,0.5476190476190477
Regenerist Retinol 24 Night Eye Cream,13,5,NA,1,0.6842105263157895,0.2631578947368421,NA,0.05263157894736842,3,76,21,19,0.9047619047619048
Regenerist Retinol 24 Night Moisturizer Fragrance Free,15,3,NA,1,0.7894736842105263,0.15789473684210525,NA,0.05263157894736842,3,75,23,19,0.8260869565217391
Regenerist Retinol 24 Night Serum,11,4,NA,1,0.6875,0.25,NA,0.0625,5,58,20,16,0.8
Rejuveness Anti-Wrinkle Daily Moisturizer with Sunscreen Broad Spectrum SPF 30,17,4,NA,NA,0.8095238095238095,0.19047619047619047,NA,NA,2,71,28,21,0.75
Remedy 10% Niacinamide Serum,10,5,NA,1,0.625,0.3125,NA,0.0625,5,38,21,16,0.7619047619047619
Remedy+ 911 Ointment Multipurpose Healing Balm,1,2,NA,NA,0.3333333333333333,0.6666666666666666,NA,NA,5,45,11,3,0.2727272727272727
Renew & Smooth Glycolic + Polyhydroxy Acid Serum,12,5,NA,1,0.6666666666666666,0.2777777777777778,NA,0.05555555555555555,3,94,34,18,0.5294117647058824
Restorative Night Moisturizer,15,10,NA,3,0.5357142857142857,0.35714285714285715,NA,0.10714285714285714,4,52,31,28,0.9032258064516129
Restoring Antioxidant Face Mask with Green Tea,13,8,2,NA,0.5652173913043478,0.34782608695652173,0.08695652173913043,NA,4,26,36,23,0.6388888888888888
Resurfacing Retinol Serum,18,10,NA,1,0.6206896551724138,0.3448275862068966,NA,0.034482758620689655,5,48,33,29,0.8787878787878788
Resurfacing Treatment Toner,7,2,1,1,0.6363636363636364,0.18181818181818182,0.09090909090909091,0.09090909090909091,4,62,14,11,0.7857142857142857
Resurgence Replenishing Multi-Acid Peel,6,12,NA,1,0.3157894736842105,0.631578947368421,NA,0.05263157894736842,5,78,35,19,0.5428571428571428
Retinol B3 Serum,9,8,1,NA,0.5,0.4444444444444444,0.05555555555555555,NA,3,31,22,18,0.8181818181818182
Retinol Clearing Oil,2,4,1,2,0.2222222222222222,0.4444444444444444,0.1111111111111111,0.2222222222222222,3,1,20,9,0.45
Retinol Face Serum,14,9,NA,1,0.5833333333333334,0.375,NA,0.041666666666666664,5,85,31,24,0.7741935483870968
Retinol Reform,15,13,NA,2,0.5,0.43333333333333335,NA,0.06666666666666667,5,18,44,30,0.6818181818181818
Revitalift Derm Intensives .3% Nightly Retinol Serum,11,4,NA,NA,0.7333333333333333,0.26666666666666666,NA,NA,2,6,23,15,0.6521739130434783
Revitalizing Black Hydration Gel,16,7,1,1,0.64,0.28,0.04,0.04,1,69,39,25,0.6410256410256411
Rose Deep Hydration Facial Toner,9,2,2,2,0.6,0.13333333333333333,0.13333333333333333,0.13333333333333333,1,84,20,15,0.75
Rose Gold Rescue Gentle Foaming Cleanser for Sensitive Skin,17,5,3,1,0.6538461538461539,0.19230769230769232,0.11538461538461539,0.038461538461538464,3,41,45,26,0.5777777777777777
Rose Gold Rescue Soothing Toner Mist,13,7,3,2,0.52,0.28,0.12,0.08,2,16,41,25,0.6097560975609756
Rose Quartz + Charcoal Gentle Pore Refining Scrub,12,4,2,1,0.631578947368421,0.21052631578947367,0.10526315789473684,0.05263157894736842,2,35,24,19,0.7916666666666666
Rose Water Facial Toner,1,1,4,1,0.14285714285714285,0.14285714285714285,0.5714285714285714,0.14285714285714285,1,22,12,7,0.5833333333333334
Sake Hydrating and Brightening Essence,13,6,1,2,0.5909090909090909,0.2727272727272727,0.045454545454545456,0.09090909090909091,1,91,34,22,0.6470588235294118
Sake Toning Essence,6,2,NA,NA,0.75,0.25,NA,NA,4,16,16,8,0.5
Sea Kelp Face Serum,11,1,NA,NA,0.9166666666666666,0.08333333333333333,NA,NA,3,64,17,12,0.7058823529411765
Sensibio H2O Micelle Solution Makeup-Removing Wipes,5,2,NA,NA,0.7142857142857143,0.2857142857142857,NA,NA,3,51,11,7,0.6363636363636364
Sensibio Soothing Micellar Cleansing Foaming Gel,9,4,NA,NA,0.6923076923076923,0.3076923076923077,NA,NA,5,41,18,13,0.7222222222222222
Sensibio Tonique Soothing Moisturizing Toning Lotion,7,3,NA,1,0.6363636363636364,0.2727272727272727,NA,0.09090909090909091,4,30,15,11,0.7333333333333333
Seriously Soothing Serum Stick,1,3,NA,NA,0.25,0.75,NA,NA,2,55,16,4,0.25
Seriously Soothing SPF Day Cream SPF 30,11,9,NA,NA,0.55,0.45,NA,NA,4,64,29,20,0.6896551724137931
Silicone-Free Priming Moisturizer,11,2,NA,NA,0.8461538461538461,0.15384615384615385,NA,NA,4,7,21,13,0.6190476190476191
Silk Hydration Oil-Free Lotion Sunscreen Weightless Face Broad Spectrum SPF 30,14,5,1,NA,0.7,0.25,0.05,NA,2,65,33,20,0.6060606060606061
Silk Slip Conditioning Lip Oil,4,4,NA,NA,0.5,0.5,NA,NA,5,49,16,8,0.5
Skin De-Stress Calming CBD Moisturizer,12,9,NA,1,0.5454545454545454,0.4090909090909091,NA,0.045454545454545456,3,38,26,22,0.8461538461538461
Skin De-Stress Calming CBD Serum,11,8,NA,NA,0.5789473684210527,0.42105263157894735,NA,NA,5,32,23,19,0.8260869565217391
Skin Dope Argan Oil + 100 mg CBD Non-Psychoactive,NA,1,NA,NA,NA,1,NA,NA,4,90,2,1,0.5
Skin Soak Rich Moisture Cream,8,4,NA,NA,0.6666666666666666,0.3333333333333333,NA,NA,3,61,17,12,0.7058823529411765
SkinActive Balancing Facial Mist with Green Tea,3,2,4,1,0.3,0.2,0.4,0.1,1,31,15,10,0.6666666666666666
SkinActive Black Peel-Off Mask with Charcoal,6,2,NA,2,0.6,0.2,NA,0.2,1,30,17,10,0.5882352941176471
SkinActive Deep Pore Exfoliating Scrub with Green Tea,12,2,2,1,0.7058823529411765,0.11764705882352941,0.11764705882352941,0.058823529411764705,1,66,25,17,0.68
SkinActive Deep Pore Facial Cleanser with Green Tea,10,2,2,1,0.6666666666666666,0.13333333333333333,0.13333333333333333,0.06666666666666667,1,67,21,15,0.7142857142857143
SkinActive Hydrating Facial Mist with Aloe Juice,1,2,1,1,0.2,0.4,0.2,0.2,1,32,11,5,0.45454545454545453
SkinActive Soothing Facial Mist with Rose Water,4,2,1,1,0.5,0.25,0.125,0.125,1,68,13,8,0.6153846153846154
Slaai Makeup Melting Butter Cleanser,5,4,NA,NA,0.5555555555555556,0.4444444444444444,NA,NA,5,92,28,9,0.32142857142857145
Soothing Clear Turmeric Mist,5,2,1,NA,0.625,0.25,0.125,NA,2,15,10,8,0.8
Soothing Clear Turmeric Mousse Cleanser,7,1,1,1,0.7,0.1,0.1,0.1,3,32,15,10,0.6666666666666666
Soothing Clear Turmeric Oil-Free Gel Moisturizer,13,2,1,1,0.7647058823529411,0.11764705882352941,0.058823529411764705,0.058823529411764705,2,14,20,17,0.85
Soothing Facial Oil,NA,3,NA,NA,NA,1,NA,NA,5,71,8,3,0.375
Squalane + Lactic Acid Resurfacing Night Serum,11,4,1,1,0.6470588235294118,0.23529411764705882,0.058823529411764705,0.058823529411764705,3,11,19,17,0.8947368421052632
Squalane + Rose Vegan Lip Balm,2,5,1,1,0.2222222222222222,0.5555555555555556,0.1111111111111111,0.1111111111111111,3,87,18,9,0.5
Squalane + Tea Tree Balancing Oil,1,4,2,NA,0.14285714285714285,0.5714285714285714,0.2857142857142857,NA,2,69,14,7,0.5
Squalane + Tea Tree Cleansing Gel,8,2,NA,NA,0.8,0.2,NA,NA,2,74,19,10,0.5263157894736842
Squalane + Tea Tree Detox Mask,11,2,1,NA,0.7857142857142857,0.14285714285714285,0.07142857142857142,NA,1,14,21,14,0.6666666666666666
Squalane + Zinc Sheer Mineral Sunscreen SPF 30,11,4,NA,NA,0.7333333333333333,0.26666666666666666,NA,NA,4,8,22,15,0.6818181818181818
Squalane Cleanser,8,5,NA,NA,0.6153846153846154,0.38461538461538464,NA,NA,5,77,20,13,0.65
Squalane Face Oil,NA,1,NA,NA,NA,1,NA,NA,4,93,1,1,1
Stress Positive Eye Lift,16,6,1,2,0.64,0.24,0.04,0.08,1,59,40,25,0.625
Stridex Sensitive Soft Touch Pads with Aloe,5,NA,3,1,0.5555555555555556,NA,0.3333333333333333,0.1111111111111111,1,92,13,9,0.6923076923076923
Stroke of Brilliance Brightening Serum,11,4,NA,NA,0.7333333333333333,0.26666666666666666,NA,NA,4,41,19,15,0.7894736842105263
Sugar Strawberry Exfoliating Face Wash,7,2,2,2,0.5384615384615384,0.15384615384615385,0.15384615384615385,0.15384615384615385,2,63,22,13,0.5909090909090909
Superclarify Cleanser,11,1,NA,1,0.8461538461538461,0.07692307692307693,NA,0.07692307692307693,2,77,17,13,0.7647058823529411
Superdefense City Block SPF 50+ Daily Energy + Face Protector,18,2,NA,1,0.8571428571428571,0.09523809523809523,NA,0.047619047619047616,4,23,37,21,0.5675675675675675
Superfruit Extract Antioxidant-Rich Serum and Primer,9,2,1,NA,0.75,0.16666666666666666,0.08333333333333333,NA,2,79,18,12,0.6666666666666666
Superfruit Replenishing Essence Spray,8,2,NA,NA,0.8,0.2,NA,NA,3,83,16,10,0.625
Supermask,26,6,NA,NA,0.8125,0.1875,NA,NA,2,76,43,32,0.7441860465116279
SUPERTONER Exfoliating Acid Solution,9,5,3,1,0.5,0.2777777777777778,0.16666666666666666,0.05555555555555555,1,16,28,18,0.6428571428571429
T.L.C. Framboos Glycolic Night Serum,15,6,NA,1,0.6818181818181818,0.2727272727272727,NA,0.045454545454545456,5,5,32,22,0.6875
Teatreetment Cleansing Foam,10,6,1,NA,0.5882352941176471,0.35294117647058826,0.058823529411764705,NA,2,28,36,17,0.4722222222222222
Teatreetment Moisturizer,15,11,NA,NA,0.5769230769230769,0.4230769230769231,NA,NA,3,52,51,26,0.5098039215686274
Teatreetment Toner,8,7,1,NA,0.5,0.4375,0.0625,NA,2,27,28,16,0.5714285714285714
Texture Reform,5,5,NA,1,0.45454545454545453,0.45454545454545453,NA,0.09090909090909091,4,17,20,11,0.55
The After Show Treatment Cleanser for Sensitive Skin,5,3,NA,NA,0.625,0.375,NA,NA,5,66,16,8,0.5
The Dewy Skin Cream,13,5,2,1,0.6190476190476191,0.23809523809523808,0.09523809523809523,0.047619047619047616,3,57,41,21,0.5121951219512195
The Fix Emergency Eye Mask,17,8,NA,3,0.6071428571428571,0.2857142857142857,NA,0.10714285714285714,5,47,35,28,0.8
The Perfect Matcha 3-in-1 Beauty Water,17,1,1,NA,0.8947368421052632,0.05263157894736842,0.05263157894736842,NA,1,8,25,19,0.76
The Perfect Matcha 3-in-1 Melting Cleansing Balm,10,2,1,NA,0.7692307692307693,0.15384615384615385,0.07692307692307693,NA,2,86,25,13,0.52
The Performance Cream,13,5,NA,NA,0.7222222222222222,0.2777777777777778,NA,NA,5,72,26,18,0.6923076923076923
The Serum Stick,6,3,NA,NA,0.6666666666666666,0.3333333333333333,NA,NA,4,29,14,9,0.6428571428571429
The Shortcut Overnight Facial Peel,15,7,NA,1,0.6521739130434783,0.30434782608695654,NA,0.043478260869565216,3,73,28,23,0.8214285714285714
Toleriane Double Repair Face Moisturizer,11,4,NA,1,0.6875,0.25,NA,0.0625,4,84,21,16,0.7619047619047619
Tone Perfecting Serum B3 + Vitamin C,8,4,NA,NA,0.6666666666666666,0.3333333333333333,NA,NA,5,21,14,12,0.8571428571428571
Toning Mist: Balance + Prime,9,3,NA,NA,0.75,0.25,NA,NA,3,49,21,12,0.5714285714285714
Total Cleans’r Remove-It-All Cleanser,13,3,3,1,0.65,0.15,0.15,0.05,4,3,32,20,0.625
Tranexamic Acid Night Treatment,12,7,NA,1,0.6,0.35,NA,0.05,5,55,23,20,0.8695652173913043
Transform Plus Glow Cycle Retin-ALT Power Serum,18,7,3,NA,0.6428571428571429,0.25,0.10714285714285714,NA,2,26,42,28,0.6666666666666666
Transform Plus Goodnight Glow Retin-ALT Sleeping Crème,23,9,3,1,0.6388888888888888,0.25,0.08333333333333333,0.027777777777777776,2,25,50,36,0.72
TROPICALCLEANSE Daily Exfoliating Cleanser,19,6,5,NA,0.6333333333333333,0.2,0.16666666666666666,NA,2,68,66,30,0.45454545454545453
Truth Juice Daily Cleanser,14,3,2,1,0.7,0.15,0.1,0.05,3,58,36,20,0.5555555555555556
Turmeric Face Moisturizer,7,5,NA,NA,0.5833333333333334,0.4166666666666667,NA,NA,5,84,19,12,0.631578947368421
Two in One Poreless Power Liquid,10,3,1,NA,0.7142857142857143,0.21428571428571427,0.07142857142857142,NA,2,90,18,14,0.7777777777777778
Ultimune Eye Power Infusing Eye Concentrate,11,6,3,2,0.5,0.2727272727272727,0.13636363636363635,0.09090909090909091,1,79,34,22,0.6470588235294118
Ultra Hydrating Alkaline Water Eye Gel,7,2,NA,NA,0.7777777777777778,0.2222222222222222,NA,NA,3,7,19,9,0.47368421052631576
Ultra Hydrating Makeup Remover Cleansing Towelettes,14,NA,NA,NA,1,NA,NA,NA,1,75,18,14,0.7777777777777778
Ultra Repair Cannabis & Oat Dry Oil,5,5,2,1,0.38461538461538464,0.38461538461538464,0.15384615384615385,0.07692307692307693,3,92,28,13,0.4642857142857143
Ultra Repair Oil-Control Moisturizer,15,6,NA,1,0.6818181818181818,0.2727272727272727,NA,0.045454545454545456,3,17,33,22,0.6666666666666666
Ultra Repair Wild Oat Hydrating Toner,14,5,NA,2,0.6666666666666666,0.23809523809523808,NA,0.09523809523809523,5,69,29,21,0.7241379310344828
Ultra-Calming Foaming Cleanser,17,1,NA,2,0.85,0.05,NA,0.1,5,64,25,20,0.8
Ultra-Calming Makeup Removing Wipes,10,1,1,1,0.7692307692307693,0.07692307692307693,0.07692307692307693,0.07692307692307693,2,59,23,13,0.5652173913043478
Universal C Eye Perfector,6,7,NA,2,0.4,0.4666666666666667,NA,0.13333333333333333,4,6,27,15,0.5555555555555556
Universal C Skin Refiner,4,2,NA,NA,0.6666666666666666,0.3333333333333333,NA,NA,5,13,9,6,0.6666666666666666
Universal Cleansing Balm,3,3,NA,NA,0.5,0.5,NA,NA,3,10,21,6,0.2857142857142857
Vacation Eyes Brightening Eye Gel,11,6,NA,1,0.6111111111111112,0.3333333333333333,NA,0.05555555555555555,4,39,20,18,0.9
Vegan Milk Cleanser,20,6,NA,NA,0.7692307692307693,0.23076923076923078,NA,NA,5,27,53,26,0.49056603773584906
Vegan Milk Moisturizer,20,6,NA,NA,0.7692307692307693,0.23076923076923078,NA,NA,3,37,53,26,0.49056603773584906
Very Cherry Bright 15% Clean Vitamin C Serum,13,9,NA,NA,0.5909090909090909,0.4090909090909091,NA,NA,4,55,43,22,0.5116279069767442
Vital Skin-Strengthening Super Serum,11,5,6,2,0.4583333333333333,0.20833333333333334,0.25,0.08333333333333333,2,3,37,24,0.6486486486486487
"Vitamin B, C and E Moisturizer",8,10,NA,1,0.42105263157894735,0.5263157894736842,NA,0.05263157894736842,3,27,23,19,0.8260869565217391
Vitamin C Glycolic Brightening Serum,22,9,1,2,0.6470588235294118,0.2647058823529412,0.029411764705882353,0.058823529411764705,5,20,53,34,0.6415094339622641
Vitamin C Serum,11,8,NA,2,0.5238095238095238,0.38095238095238093,NA,0.09523809523809523,2,83,29,21,0.7241379310344828
Vitamin Micellar Wipes Soothe Calendula + Vitamin B3,12,4,5,NA,0.5714285714285714,0.19047619047619047,0.23809523809523808,NA,2,24,26,21,0.8076923076923077
Walnut Face Scrub,14,6,NA,NA,0.7,0.3,NA,NA,1,15,30,20,0.6666666666666666
Warming Gel Moisturising Mask,5,1,1,1,0.625,0.125,0.125,0.125,1,9,10,8,0.8
Wash It Out Gel Cleanser,13,2,1,1,0.7647058823529411,0.11764705882352941,0.058823529411764705,0.058823529411764705,2,39,21,17,0.8095238095238095
Water Drench Hyaluronic Hydrating Moisturizer SPF 45,25,16,NA,NA,0.6097560975609756,0.3902439024390244,NA,NA,4,19,54,41,0.7592592592592593
Water Fuse Hydro Sleep Mask,25,7,NA,1,0.7575757575757576,0.21212121212121213,NA,0.030303030303030304,1,86,63,33,0.5238095238095238
Water Fuse Ultimate Hydro Gel,27,8,NA,NA,0.7714285714285715,0.22857142857142856,NA,NA,1,85,67,35,0.5223880597014925
Watermelon Glow Lip Pop,18,6,1,1,0.6923076923076923,0.23076923076923078,0.038461538461538464,0.038461538461538464,2,23,39,26,0.6666666666666666
Watermelon Glow PHA + BHA Pore-Tight Toner,4,3,1,NA,0.5,0.375,0.125,NA,3,15,22,8,0.36363636363636365
Watermelon Glowing Oil-Free Facial Moisturizer,7,3,3,NA,0.5384615384615384,0.23076923076923078,0.23076923076923078,NA,3,24,22,13,0.5909090909090909
Watermelon Juicy Scrub,11,3,2,1,0.6470588235294118,0.17647058823529413,0.11764705882352941,0.058823529411764705,2,37,22,17,0.7727272727272727
Weightless Liquid Mineral Sunscreen SPF 30 Broad Spectrum,18,4,NA,1,0.782608695652174,0.17391304347826086,NA,0.043478260869565216,5,40,35,23,0.6571428571428571
Weightless Oil-Free Moisturizer,11,3,NA,NA,0.7857142857142857,0.21428571428571427,NA,NA,4,15,19,14,0.7368421052631579
What a Melon Water Jelly Hydrator for Combination Skin,13,5,NA,NA,0.7222222222222222,0.2777777777777778,NA,NA,3,93,30,18,0.6
Whipped Argan Oil Mineral SPF 45 Body Butter,13,7,NA,NA,0.65,0.35,NA,NA,4,74,31,20,0.6451612903225806
Wild Rose Makeup Melter Cleansing Oil,4,1,1,NA,0.6666666666666666,0.16666666666666666,0.16666666666666666,NA,2,57,19,6,0.3157894736842105
Witch Hazel Pore-Clarifying Toner,5,1,3,2,0.45454545454545453,0.09090909090909091,0.2727272727272727,0.18181818181818182,1,33,17,11,0.6470588235294118
Wrinkle Correction Serum B3 + Peptides,12,4,NA,NA,0.75,0.25,NA,NA,5,22,17,16,0.9411764705882353
Yerba Mate Resurfacing Energy Facial,10,4,NA,1,0.6666666666666666,0.26666666666666666,NA,0.06666666666666667,2,12,30,15,0.5
Yes to Grapefruit Brightening Vitamin C Glow Boosting Paper Mask,6,5,1,1,0.46153846153846156,0.38461538461538464,0.07692307692307693,0.07692307692307693,2,82,26,13,0.5
YOUTHMUD Tinglexfoliate Treatment,11,2,4,NA,0.6470588235294118,0.11764705882352941,0.23529411764705882,NA,1,50,29,17,0.5862068965517241
Zero-G Smoothing Eye Cream,18,8,NA,NA,0.6923076923076923,0.3076923076923077,NA,NA,3,66,31,26,0.8387096774193549
Zinc Oxide Sunscreen Lotion Broad Spectrum SPF 40,10,7,NA,NA,0.5882352941176471,0.4117647058823529,NA,NA,4,56,28,17,0.6071428571428571
Zinc Screen 100% Mineral Lotion SPF 40,14,4,NA,NA,0.7777777777777778,0.2222222222222222,NA,NA,4,67,33,18,0.5454545454545454
